{
  "ae_p95": 63.93819808959961,
  "ae_p99": 102.21337127685547
}